<?xml version="1.0" encoding="utf-8"?>
<modification>
  <name>Return Order Notification</name>
  <code>Return-order-notification</code>
  <version>1.2</version>
  <author>webxperia</author>
  <link>https://github.com/webxperia</link>
  
  <file path="admin/language/*/common/header.php">
    <operation error="skip">
      <search><![CDATA[$_['text_profile']]]></search>
      <add position="before"><![CDATA[
      $_['text_order_notification']      = '';
	    $_['text_return']                  = 'Return';
      ]]></add>
    </operation>
  </file>
  <file path="admin/controller/common/header.php">
    <operation error="skip">
      <search><![CDATA[$data['profile'] = $this->url->link('common/profile', 'user_token=' . $this->session->data['user_token'], true);]]></search>
      <add position="after"><![CDATA[
	    $data['text_return'] = $this->language->get('text_return');
      $this->load->language('sale/order');
			$data['orders'] = $this->url->link('sale/order', 'user_token=' . $this->session->data['user_token'], true);
		
			// Returns
			$this->load->model('sale/return');

			$return_total = $this->model_sale_return->getTotalReturns(array('filter_return_status_id' => $this->config->get('config_return_status_id')));

			$data['return_total'] = $return_total;

			$data['return'] = $this->url->link('sale/return', 'user_token=' . $this->session->data['user_token'], 'SSL');

		
      ]]></add>
    </operation>
  </file>
  <file path="admin/view/template/common/header.twig">
    <operation error="skip">
      <search><![CDATA[<ul class="nav navbar-nav navbar-right">]]></search>
      <add position="after"><![CDATA[
<style>
.blinking{
	animation:blinkingText 5s infinite;
}
@keyframes blinkingText{
	0%{		color: red;	}
	49%{	color: transparent;	}
	50%{	color: transparent;	}
	99%{	color: transparent;	}
	100%{	color: red;	}
}
sub {
 font-size: 13px;
 color: red;
 right: -2px;
 top: -1px;
 }
</style>      
      {% if return_total >= 1 %}
      <li class="dropdown"><a href="{{ return }}"> <i class="fa fa-warning fa-lg blinking" style="color:red"></i> {{ text_return }} <sub>({{ return_total }})</sub></a>{% endif %}
      ]]></add>
    </operation>
  </file>
</modification>